probe_id,habitat_type,soil_type
95132706,Low density planting,Sandy Loam
95132707,High density planting,Clay Loam
95132708,High density planting,Clay Loam
95132709,Low density planting,Sandy Loam
95132710,Natural colonisation,Peaty
95132711,Unplanted,Silty Clay
95132712,Scrub,Clay
95132713,High density planting,Clay Loam
95132714,Unplanted,Silty Clay
95132715,Unplanted,Silty Clay
95132751,Natural colonisation,Peaty
95132752,Natural colonisation,Peaty
95132755,Unplanted,Silty Clay
95132753,Mature tree,Loamy Sand
95132754,Mature woodland,Loamy
95132756,Mature woodland,Loamy
95132757,Mature woodland,Loamy
95132758,Unplanted,Silty Clay
95132759,Low density planting,Sandy Loam
95132760,Low density planting,Sandy Loam
95132701,High density planting,Clay Loam
91242081,Mature tree,Loamy Sand
